,importance
TotalSF,0.35531310868960864
OverallQual,0.34901119155601806
TotalBath,0.03283626308299064
GrLivArea,0.024486515979000565
KitchenQual,0.022043287776754895
GarageCars,0.01790202669218861
BsmtQual,0.01578906731450487
LotArea,0.015715398477246036
OverallCond,0.013893668879347404
GarageFinish,0.013736832946406666
BsmtFinSF1,0.010825190721976477
GarageYrBlt,0.010225046259390125
GarageArea,0.007809867057485443
CentralAir_N,0.007473408688389588
FireplaceQu,0.007344626801593127
GarageCond,0.006301353576944292
HouseAge,0.006048356905849736
CentralAir_Y,0.004486886228909741
RemodAge,0.004412894467313088
KitchenAbvGr,0.0037648173884501164
BsmtFinType1,0.003387133551828659
BsmtUnfSF,0.003295265114341417
Functional,0.003113039764939003
OpenPorchSF,0.002901064991321466
LotFrontage,0.0027213310224513962
MSZoning_RM,0.0026543620091625726
Neighborhood_OldTown,0.0025792922620833715
GarageQual,0.0025738471564987057
BsmtExposure,0.002314022052494734
Neighborhood_Crawfor,0.0022341086937762026
Exterior1st_BrkFace,0.002176221124470739
GarageType_Detchd,0.002086031855537716
LotShape_Reg,0.0020614245580256258
Fireplaces,0.0018603538891153277
Neighborhood_Edwards,0.0017517027289754782
MoSold,0.0014801708589607797
SaleCondition_Abnorml,0.0014072097033309935
HeatingQC,0.0013929530100140247
SaleCondition_Family,0.0013487595951519023
ScreenPorch,0.0013151447072332202
PoolArea,0.0012736209371250894
MSZoning_C (all),0.0011679836580638365
WoodDeckSF,0.0010929970055049043
TotRmsAbvGrd,0.0010581341653724584
MasVnrArea,0.0009659934114504214
EnclosedPorch,0.0009403187952741297
MSSubClass,0.0009342674687525134
Condition1_Artery,0.0009129778788562374
Condition1_Norm,0.000866672611510015
GarageType_Attchd,0.0007992418225201803
LandContour_HLS,0.0007128253943256816
BedroomAbvGr,0.0005157916351730467
Neighborhood_StoneBr,0.0005078287170194013
Neighborhood_NAmes,0.0004785344081736688
LandSlope_Gtl,0.00044763890074542246
GarageType_CarPort,0.0004444150968065848
SaleType_New,0.000440882259901781
LotConfig_CulDSac,0.00043918491608197315
HouseStyle_1.5Fin,0.0003919006380446641
LotShape_IR2,0.00038465073246250997
PavedDrive,0.0003823728629865013
Foundation_BrkTil,0.00037932351366160613
Exterior1st_AsbShng,0.00036473124093722647
Neighborhood_Mitchel,0.00032847376855423205
SaleType_ConLD,0.0003212800710917981
Condition1_RRAe,0.00031212950315574
Heating_Grav,0.00029835972609379706
LandContour_Bnk,0.0002881806414682585
YrSold,0.00028647493262054226
HouseStyle_2Story,0.0002804721311435082
SaleType_WD,0.0002795900219379798
Exterior2nd_Stucco,0.0002468630467780021
MSZoning_FV,0.00024296450254888345
Exterior1st_MetalSd,0.00022827691981215845
GarageType_BuiltIn,0.0002185921162987465
BsmtFinType2,0.00019832047565540955
Neighborhood_Sawyer,0.00019206622494681745
BsmtFinSF2,0.00019146832423992316
ExterCond,0.00017771207891284103
Neighborhood_BrkSide,0.00017226967135300535
SaleCondition_Normal,0.0001697200901054809
Heating_GasA,0.000164758994514314
Foundation_PConc,0.00016404117394379066
Exterior1st_Wd Sdng,0.00016264370973174228
Neighborhood_ClearCr,0.00015922015535851803
MiscVal,0.00015897251878870187
Fence,0.00014873831415135802
LotShape_IR1,0.00014663974648467215
Alley_Grvl,0.0001462493884919265
LotConfig_FR2,0.0001442176963582334
LowQualFinSF,0.00014343923211205392
Exterior2nd_MetalSd,0.0001387760640592459
BsmtCond,0.00013717117892688744
SaleCondition_Alloca,0.00013248907072833986
Exterior2nd_AsbShng,0.0001316170028997235
Alley_Pave,0.00012912450403380134
SaleType_COD,0.00012750169227487978
HouseStyle_SLvl,0.0001247229444335189
LandContour_Lvl,0.00011197976900766243
Neighborhood_MeadowV,9.937161585315774e-05
RoofStyle_Gable,9.171040037303353e-05
Condition1_Feedr,9.071957202290555e-05
Neighborhood_SWISU,8.877301117875075e-05
Exterior2nd_VinylSd,8.64319288424146e-05
Neighborhood_Somerst,8.615344288949849e-05
Condition1_PosA,8.475400917165756e-05
MasVnrType_BrkFace,8.45548330350294e-05
Exterior2nd_Brk Cmn,8.234409968326206e-05
Exterior2nd_ImStucc,8.223614845949152e-05
LandSlope_Mod,8.218003463876354e-05
Neighborhood_NWAmes,7.906615517066701e-05
LotConfig_Inside,7.395122897206278e-05
Electrical_FuseF,7.145202373359393e-05
3SsnPorch,7.095717510969086e-05
GarageType_Basment,6.787712438592468e-05
Exterior1st_WdShing,6.756129825987373e-05
Neighborhood_Blmngtn,6.751497331837343e-05
MasVnrType_None,6.341625310483787e-05
Exterior2nd_Plywood,6.261557913572902e-05
RoofStyle_Hip,5.767375773658199e-05
MasVnrType_Stone,5.7305556117302485e-05
Electrical_FuseA,5.62345378347415e-05
Neighborhood_Veenker,5.6021701045114224e-05
Neighborhood_SawyerW,5.4539080884626864e-05
SaleCondition_AdjLand,5.31816217022947e-05
Neighborhood_CollgCr,5.24127899070098e-05
Exterior2nd_BrkFace,4.7250993206081056e-05
ExterQual,4.414809477364318e-05
SaleCondition_Partial,4.3725831054857796e-05
Exterior1st_HdBoard,4.3346671235117756e-05
Exterior1st_Plywood,4.235273274011185e-05
SaleType_CWD,3.919488265368408e-05
Condition1_PosN,3.9070290051044316e-05
HouseStyle_SFoyer,3.868770816113172e-05
Exterior2nd_Wd Sdng,3.733023510623786e-05
Exterior2nd_CmentBd,3.5198663360191766e-05
MiscFeature_None,3.4550721719940714e-05
HouseStyle_1Story,3.443827136582406e-05
SaleType_Oth,3.437736225003452e-05
Heating_OthW,3.280368932902502e-05
PoolQC,3.0261351690437217e-05
Neighborhood_NoRidge,2.976601925900346e-05
Exterior1st_Stucco,2.9712310484069606e-05
SaleType_ConLI,2.914805028207181e-05
Foundation_CBlock,2.6739219392465572e-05
Exterior2nd_Wd Shng,2.6085398720101903e-05
Alley_None,2.5789961540877092e-05
BldgType_1Fam,2.4305136597339863e-05
MiscFeature_Shed,2.4187942587624473e-05
Exterior2nd_HdBoard,2.1340426523972224e-05
LandContour_Low,1.9610915803325475e-05
Electrical_SBrkr,1.6723925759308712e-05
Condition2_PosN,1.6646089652984563e-05
LotConfig_Corner,1.644578585163452e-05
BldgType_Duplex,1.549967542302059e-05
Neighborhood_NridgHt,1.4130272919688031e-05
Condition1_RRAn,1.4053035744175724e-05
Neighborhood_IDOTRR,1.2358275652230294e-05
MSZoning_RL,1.1813613196868511e-05
BldgType_TwnhsE,1.0365925234624286e-05
MasVnrType_BrkCmn,1.0216152654360336e-05
Exterior1st_CemntBd,9.864268972544098e-06
Neighborhood_Timber,9.330244405433113e-06
Exterior1st_VinylSd,9.05752185805278e-06
MiscFeature_TenC,7.756143857657657e-06
RoofMatl_Tar&Grv,7.71528753172364e-06
HasPool,5.676640052663627e-06
LotConfig_FR3,5.516605344549712e-06
RoofStyle_Gambrel,5.415465878419391e-06
SaleType_Con,5.324884179820282e-06
MiscFeature_Gar2,2.3035397303114015e-06
GarageType_None,1.887730600790163e-06
SaleType_ConLw,1.4935066407116836e-06
LotShape_IR3,1.4474905363072494e-06
Foundation_Slab,1.1361661533104799e-06
RoofMatl_CompShg,9.376775512413911e-07
Heating_GasW,5.934633315904886e-07
RoofStyle_Flat,2.935956011211781e-07
Condition2_Artery,1.8963511944121718e-07
BldgType_2fmCon,1.5647857188733143e-07
Condition2_Feedr,8.641510580543936e-08
RoofStyle_Shed,5.027262227187705e-08
RoofMatl_WdShngl,2.1589290698985447e-08
BldgType_Twnhs,3.204244163967865e-09
HouseStyle_2.5Fin,2.9744280583240093e-09
Neighborhood_NPkVill,0.0
Neighborhood_Blueste,0.0
LandSlope_Sev,0.0
Neighborhood_Gilbert,0.0
Neighborhood_BrDale,0.0
MSZoning_RH,0.0
Street_Pave,0.0
Street_Grvl,0.0
Exterior2nd_CBlock,0.0
Exterior2nd_AsphShn,0.0
Exterior1st_ImStucc,0.0
Exterior1st_Stone,0.0
Exterior1st_AsphShn,0.0
RoofMatl_WdShake,0.0
Exterior1st_BrkComm,0.0
RoofStyle_Mansard,0.0
RoofMatl_Roll,0.0
RoofMatl_Metal,0.0
RoofMatl_Membran,0.0
RoofMatl_ClyTile,0.0
Exterior1st_CBlock,0.0
Condition1_RRNn,0.0
HouseStyle_1.5Unf,0.0
HouseStyle_2.5Unf,0.0
Condition2_RRNn,0.0
Condition2_RRAn,0.0
Condition2_RRAe,0.0
Condition2_PosA,0.0
Condition2_Norm,0.0
Condition1_RRNe,0.0
Exterior2nd_Stone,0.0
Exterior2nd_Other,0.0
Electrical_Mix,0.0
Electrical_FuseP,0.0
Heating_Wall,0.0
Foundation_Wood,0.0
Foundation_Stone,0.0
Heating_Floor,0.0
MiscFeature_Othr,0.0
GarageType_2Types,0.0
