stage,model,features,val_rmse,val_mae,val_r2,fit_s,note
4_baseline,Linear Regression,225,0.12203941886528104,0.0865922789093901,0.9201889456264799,0.03,
4_baseline,Ridge (alpha=10),225,0.12177562803510819,0.08637484949144003,0.9205335993583784,0.01,
4_baseline,Lasso (alpha=0.001),225,0.11942833386632161,0.08410159579334507,0.9235675935381441,0.03,
4_baseline,"ElasticNet (a=0.001,l1=0.5)",225,0.12061710038670354,0.08525701861180007,0.9220384339866722,0.04,
4_baseline,Random Forest (300),225,0.1457894254021587,0.09438165579257261,0.8861023312732136,0.43,
4_baseline,Gradient Boosting (500),225,0.13952780438205087,0.09129873906049928,0.8956759816617779,3.21,
4_baseline,HistGradientBoosting,225,0.14080260886208615,0.09206001764304914,0.8937609472396582,2.41,
4_baseline,XGBoost,225,0.1285648021064649,0.0835807449958566,0.9114258572571217,0.75,
4_baseline,LightGBM,225,0.13773716423057755,0.08646287599982437,0.8983364990790461,0.29,
4_featsel,Gradient Boosting (500),30,0.14524627388734457,0.09352650343685896,0.8869494222303393,1.58,
4_featsel,Ridge (alpha=10),30,0.14843401545750487,0.10378068328564671,0.881932692648873,0.0,
4_featsel,Gradient Boosting (500),50,0.13999928112452756,0.09047300364424499,0.894969750369049,2.02,
4_featsel,Ridge (alpha=10),50,0.12773800065091165,0.09222894241710494,0.9125614363137702,0.0,
4_featsel,Gradient Boosting (500),100,0.13862076400036344,0.08937393158277468,0.8970279491184586,2.43,
4_featsel,Ridge (alpha=10),100,0.12681905368272098,0.09219153020076441,0.9138149768211119,0.0,
